Price,Adj Close,Close,High,Low,Open,Volume
Ticker,RGTI,RGTI,RGTI,RGTI,RGTI,RGTI
Datetime,,,,,,
2024-12-11 14:30:00+00:00,7.539000034332275,7.539000034332275,7.960000038146973,7.03000020980835,7.947500228881836,63592837
2024-12-11 14:35:00+00:00,6.724999904632568,6.724999904632568,7.539999961853027,6.699999809265137,7.534999847412109,13979603
2024-12-11 14:40:00+00:00,7.230000019073486,7.230000019073486,7.400000095367432,6.71999979019165,6.724999904632568,10069475
2024-12-11 14:45:00+00:00,7.639900207519531,7.639900207519531,7.800000190734863,7.210000038146973,7.239999771118164,9245193
2024-12-11 14:50:00+00:00,7.324999809265137,7.324999809265137,7.639999866485596,7.260000228881836,7.639999866485596,6552674
2024-12-11 14:55:00+00:00,6.829999923706055,6.829999923706055,7.360000133514404,6.619999885559082,7.320000171661377,13718368
2024-12-11 15:00:00+00:00,6.348800182342529,6.348800182342529,6.960000038146973,6.179999828338623,6.829999923706055,14478732
2024-12-11 15:05:00+00:00,6.34499979019165,6.34499979019165,6.599999904632568,6.159999847412109,6.340000152587891,9484548
2024-12-11 15:10:00+00:00,6.264999866485596,6.264999866485596,6.380000114440918,6.070000171661377,6.34499979019165,7754704
2024-12-11 15:15:00+00:00,5.940000057220459,5.940000057220459,6.269999980926514,5.940000057220459,6.260000228881836,7422537
2024-12-11 15:20:00+00:00,6.175000190734863,6.175000190734863,6.230000019073486,5.840000152587891,5.940100193023682,9739434
2024-12-11 15:25:00+00:00,6.199999809265137,6.199999809265137,6.420000076293945,6.085000038146973,6.175000190734863,6202890
2024-12-11 15:30:00+00:00,6.218299865722656,6.218299865722656,6.229899883270264,6.019999980926514,6.192399978637695,3025980
2024-12-11 15:35:00+00:00,5.900000095367432,5.900000095367432,6.239999771118164,5.900000095367432,6.212800025939941,3464997
2024-12-11 15:40:00+00:00,6.129000186920166,6.129000186920166,6.130000114440918,5.800000190734863,5.90500020980835,4300548
2024-12-11 15:45:00+00:00,6.03879976272583,6.03879976272583,6.150000095367432,6.0,6.130000114440918,1947971
2024-12-11 15:50:00+00:00,5.999899864196777,5.999899864196777,6.039999961853027,5.900000095367432,6.03000020980835,2350355
2024-12-11 15:55:00+00:00,5.994999885559082,5.994999885559082,6.039999961853027,5.940000057220459,5.994999885559082,1289873
2024-12-11 16:00:00+00:00,6.15500020980835,6.15500020980835,6.179999828338623,5.992700099945068,6.0,2482381
2024-12-11 16:05:00+00:00,6.190000057220459,6.190000057220459,6.21999979019165,6.079999923706055,6.15500020980835,1783434
2024-12-11 16:10:00+00:00,6.210100173950195,6.210100173950195,6.300000190734863,6.18120002746582,6.18120002746582,2604601
2024-12-11 16:15:00+00:00,6.3730998039245605,6.3730998039245605,6.480000019073486,6.210000038146973,6.216800212860107,4069388
2024-12-11 16:20:00+00:00,6.628200054168701,6.628200054168701,6.650000095367432,6.369999885559082,6.380000114440918,3901925
2024-12-11 16:25:00+00:00,6.467199802398682,6.467199802398682,6.639999866485596,6.369999885559082,6.625,4428871
2024-12-11 16:30:00+00:00,6.514999866485596,6.514999866485596,6.565000057220459,6.409999847412109,6.46999979019165,2092293
2024-12-11 16:35:00+00:00,6.401199817657471,6.401199817657471,6.525000095367432,6.389999866485596,6.519100189208984,1634023
2024-12-11 16:40:00+00:00,6.708099842071533,6.708099842071533,6.75,6.400000095367432,6.40500020980835,3568023
2024-12-11 16:45:00+00:00,6.619999885559082,6.619999885559082,6.710000038146973,6.559999942779541,6.708099842071533,2043617
2024-12-11 16:50:00+00:00,6.489999771118164,6.489999771118164,6.630000114440918,6.400000095367432,6.629199981689453,2385553
2024-12-11 16:55:00+00:00,6.479800224304199,6.479800224304199,6.5,6.300000190734863,6.480100154876709,2210713
2024-12-11 17:00:00+00:00,6.380499839782715,6.380499839782715,6.470099925994873,6.335000038146973,6.470099925994873,1113023
2024-12-11 17:05:00+00:00,6.46120023727417,6.46120023727417,6.5,6.380499839782715,6.385000228881836,1001914
2024-12-11 17:10:00+00:00,6.389999866485596,6.389999866485596,6.480000019073486,6.360000133514404,6.465000152587891,822889
2024-12-11 17:15:00+00:00,6.250699996948242,6.250699996948242,6.389999866485596,6.25,6.389999866485596,1887312
2024-12-11 17:20:00+00:00,6.460000038146973,6.460000038146973,6.465000152587891,6.25,6.258800029754639,1282062
2024-12-11 17:25:00+00:00,6.570000171661377,6.570000171661377,6.590000152587891,6.411900043487549,6.460000038146973,1499563
2024-12-11 17:30:00+00:00,6.46120023727417,6.46120023727417,6.590000152587891,6.449999809265137,6.568399906158447,1453095
2024-12-11 17:35:00+00:00,6.480000019073486,6.480000019073486,6.53000020980835,6.420000076293945,6.469900131225586,698476
2024-12-11 17:40:00+00:00,6.570000171661377,6.570000171661377,6.570000171661377,6.472300052642822,6.4756999015808105,943656
2024-12-11 17:45:00+00:00,6.488800048828125,6.488800048828125,6.570000171661377,6.480000019073486,6.561999797821045,774885
2024-12-11 17:50:00+00:00,6.480000019073486,6.480000019073486,6.510000228881836,6.429999828338623,6.485000133514404,870289
2024-12-11 17:55:00+00:00,6.5071001052856445,6.5071001052856445,6.548500061035156,6.480100154876709,6.485000133514404,915025
2024-12-11 18:00:00+00:00,6.5295000076293945,6.5295000076293945,6.659999847412109,6.510000228881836,6.510000228881836,1349260
2024-12-11 18:05:00+00:00,6.630300045013428,6.630300045013428,6.639999866485596,6.519999980926514,6.529200077056885,714615
2024-12-11 18:10:00+00:00,6.8078999519348145,6.8078999519348145,6.900000095367432,6.610000133514404,6.635000228881836,2604474
2024-12-11 18:15:00+00:00,6.659999847412109,6.659999847412109,6.835000038146973,6.659999847412109,6.8084001541137695,1529941
2024-12-11 18:20:00+00:00,6.675000190734863,6.675000190734863,6.769999980926514,6.639999866485596,6.667300224304199,1123231
2024-12-11 18:25:00+00:00,6.695000171661377,6.695000171661377,6.71999979019165,6.650000095367432,6.679999828338623,964920
2024-12-11 18:30:00+00:00,6.743500232696533,6.743500232696533,6.840000152587891,6.679999828338623,6.690000057220459,1418236
2024-12-11 18:35:00+00:00,6.80109977722168,6.80109977722168,6.860000133514404,6.730000019073486,6.7469000816345215,1283244
2024-12-11 18:40:00+00:00,6.815000057220459,6.815000057220459,6.820000171661377,6.699999809265137,6.808800220489502,1101773
2024-12-11 18:45:00+00:00,6.950099945068359,6.950099945068359,6.96999979019165,6.800000190734863,6.819900035858154,1813047
2024-12-11 18:50:00+00:00,6.9380998611450195,6.9380998611450195,6.989999771118164,6.864999771118164,6.955999851226807,1683787
2024-12-11 18:55:00+00:00,6.966700077056885,6.966700077056885,6.989999771118164,6.900000095367432,6.939799785614014,1212003
2024-12-11 19:00:00+00:00,7.01170015335083,7.01170015335083,7.190000057220459,6.960000038146973,6.965000152587891,3742283
2024-12-11 19:05:00+00:00,6.915599822998047,6.915599822998047,7.019899845123291,6.861100196838379,7.014999866485596,1577456
2024-12-11 19:10:00+00:00,6.955900192260742,6.955900192260742,6.980000019073486,6.900000095367432,6.914999961853027,850337
2024-12-11 19:15:00+00:00,7.389999866485596,7.389999866485596,7.480000019073486,6.949999809265137,6.960000038146973,5127110
2024-12-11 19:20:00+00:00,7.269999980926514,7.269999980926514,7.5,7.260000228881836,7.390100002288818,4105157
2024-12-11 19:25:00+00:00,7.250100135803223,7.250100135803223,7.380000114440918,7.199999809265137,7.269999980926514,1762836
2024-12-11 19:30:00+00:00,7.341300010681152,7.341300010681152,7.349999904632568,7.139999866485596,7.255000114440918,1865020
2024-12-11 19:35:00+00:00,7.349999904632568,7.349999904632568,7.400000095367432,7.300000190734863,7.34499979019165,2075074
2024-12-11 19:40:00+00:00,7.43120002746582,7.43120002746582,7.449999809265137,7.28000020980835,7.348999977111816,1995266
2024-12-11 19:45:00+00:00,7.40880012512207,7.40880012512207,7.449999809265137,7.389999866485596,7.434999942779541,1770254
2024-12-11 19:50:00+00:00,7.480299949645996,7.480299949645996,7.590000152587891,7.400000095367432,7.409900188446045,3632685
2024-12-11 19:55:00+00:00,7.409999847412109,7.409999847412109,7.599999904632568,7.409999847412109,7.481200218200684,1894985
2024-12-11 20:00:00+00:00,7.252299785614014,7.252299785614014,7.457600116729736,7.159999847412109,7.409999847412109,3313313
2024-12-11 20:05:00+00:00,7.208899974822998,7.208899974822998,7.260000228881836,7.010000228881836,7.250100135803223,3157397
2024-12-11 20:10:00+00:00,7.23390007019043,7.23390007019043,7.248799800872803,7.050000190734863,7.199999809265137,1985677
2024-12-11 20:15:00+00:00,7.050899982452393,7.050899982452393,7.25,7.050000190734863,7.239999771118164,1367781
2024-12-11 20:20:00+00:00,7.18120002746582,7.18120002746582,7.199999809265137,7.0,7.088799953460693,1863358
2024-12-11 20:25:00+00:00,7.340700149536133,7.340700149536133,7.409999847412109,7.150000095367432,7.184999942779541,1539003
2024-12-11 20:30:00+00:00,7.289999961853027,7.289999961853027,7.389999866485596,7.25,7.34499979019165,1736969
2024-12-11 20:35:00+00:00,7.230100154876709,7.230100154876709,7.349999904632568,7.199999809265137,7.289999961853027,1451400
2024-12-11 20:40:00+00:00,7.343900203704834,7.343900203704834,7.349999904632568,7.230100154876709,7.235000133514404,1001574
2024-12-11 20:45:00+00:00,7.35830020904541,7.35830020904541,7.389999866485596,7.309999942779541,7.34119987487793,1296952
2024-12-11 20:50:00+00:00,7.445000171661377,7.445000171661377,7.46999979019165,7.300000190734863,7.349999904632568,1948036
2024-12-11 20:55:00+00:00,7.369999885559082,7.369999885559082,7.46999979019165,7.340000152587891,7.445000171661377,2919943
2024-12-12 14:30:00+00:00,6.812300205230713,6.812300205230713,7.130000114440918,6.510000228881836,6.644999980926514,18530440
2024-12-12 14:35:00+00:00,7.083000183105469,7.083000183105469,7.199999809265137,6.760000228881836,6.818900108337402,4215290
2024-12-12 14:40:00+00:00,7.098499774932861,7.098499774932861,7.309999942779541,7.010000228881836,7.085000038146973,4112937
2024-12-12 14:45:00+00:00,7.121699810028076,7.121699810028076,7.300000190734863,7.090000152587891,7.098299980163574,2674590
2024-12-12 14:50:00+00:00,7.214200019836426,7.214200019836426,7.28000020980835,7.0,7.122000217437744,2582439
2024-12-12 14:55:00+00:00,7.340000152587891,7.340000152587891,7.360000133514404,7.079999923706055,7.118800163269043,2705215
2024-12-12 15:00:00+00:00,7.28000020980835,7.28000020980835,7.369999885559082,7.179999828338623,7.348199844360352,2137153
2024-12-12 15:05:00+00:00,7.629899978637695,7.629899978637695,7.678800106048584,7.240099906921387,7.284999847412109,5880254
2024-12-12 15:10:00+00:00,7.479899883270264,7.479899883270264,7.860000133514404,7.400000095367432,7.610099792480469,6477667
2024-12-12 15:15:00+00:00,7.291399955749512,7.291399955749512,7.488500118255615,7.239999771118164,7.480000019073486,3357148
2024-12-12 15:20:00+00:00,7.514999866485596,7.514999866485596,7.550000190734863,7.269999980926514,7.291200160980225,2591676
2024-12-12 15:25:00+00:00,7.610000133514404,7.610000133514404,7.639999866485596,7.460000038146973,7.5106000900268555,2841914
2024-12-12 15:30:00+00:00,7.750100135803223,7.750100135803223,7.860000133514404,7.559999942779541,7.618000030517578,4879297
2024-12-12 15:35:00+00:00,7.762400150299072,7.762400150299072,7.889999866485596,7.659999847412109,7.758800029754639,3529847
2024-12-12 15:40:00+00:00,7.71999979019165,7.71999979019165,7.78000020980835,7.59119987487793,7.771200180053711,2475702
2024-12-12 15:45:00+00:00,7.601200103759766,7.601200103759766,7.75,7.599999904632568,7.718800067901611,1636870
2024-12-12 15:50:00+00:00,7.610000133514404,7.610000133514404,7.650000095367432,7.5,7.605000019073486,2079098
2024-12-12 15:55:00+00:00,7.389999866485596,7.389999866485596,7.670000076293945,7.320000171661377,7.605000019073486,3132740
2024-12-12 16:00:00+00:00,7.34499979019165,7.34499979019165,7.478799819946289,7.239999771118164,7.389999866485596,3200376
2024-12-12 16:05:00+00:00,7.188799858093262,7.188799858093262,7.349999904632568,7.170000076293945,7.348800182342529,2225219
2024-12-12 16:10:00+00:00,7.228799819946289,7.228799819946289,7.25,7.099999904632568,7.179999828338623,2082889
2024-12-12 16:15:00+00:00,7.247399806976318,7.247399806976318,7.329999923706055,7.21999979019165,7.225100040435791,1740952
2024-12-12 16:20:00+00:00,6.995999813079834,6.995999813079834,7.240099906921387,6.960000038146973,7.240099906921387,3943023
2024-12-12 16:25:00+00:00,7.138800144195557,7.138800144195557,7.150000095367432,6.980000019073486,6.998700141906738,1561826
2024-12-12 16:30:00+00:00,7.031199932098389,7.031199932098389,7.137899875640869,7.019999980926514,7.135000228881836,1003887
2024-12-12 16:35:00+00:00,7.007699966430664,7.007699966430664,7.079999923706055,7.0,7.035900115966797,901857
2024-12-12 16:40:00+00:00,7.0680999755859375,7.0680999755859375,7.070000171661377,6.96999979019165,7.009900093078613,1169991
2024-12-12 16:45:00+00:00,7.031400203704834,7.031400203704834,7.070000171661377,6.989999771118164,7.069900035858154,788039
2024-12-12 16:50:00+00:00,7.0,7.0,7.039999961853027,6.909999847412109,7.039999961853027,1562052
2024-12-12 16:55:00+00:00,7.061100006103516,7.061100006103516,7.099999904632568,6.9980998039245605,7.0,1053482
2024-12-12 17:00:00+00:00,7.105000019073486,7.105000019073486,7.130000114440918,7.010000228881836,7.068999767303467,894613
2024-12-12 17:05:00+00:00,7.138800144195557,7.138800144195557,7.150000095367432,7.03000020980835,7.103899955749512,601419
2024-12-12 17:10:00+00:00,7.114999771118164,7.114999771118164,7.184999942779541,7.110000133514404,7.130000114440918,695168
2024-12-12 17:15:00+00:00,7.050000190734863,7.050000190734863,7.119999885559082,7.050000190734863,7.110000133514404,392678
2024-12-12 17:20:00+00:00,7.002999782562256,7.002999782562256,7.079999923706055,7.0,7.050300121307373,567235
2024-12-12 17:25:00+00:00,6.901100158691406,6.901100158691406,7.009900093078613,6.900000095367432,7.008800029754639,1124985
2024-12-12 17:30:00+00:00,6.960000038146973,6.960000038146973,6.980000019073486,6.809999942779541,6.900000095367432,1632953
2024-12-12 17:35:00+00:00,7.005000114440918,7.005000114440918,7.050000190734863,6.949999809265137,6.954999923706055,833503
2024-12-12 17:40:00+00:00,7.000100135803223,7.000100135803223,7.039999961853027,6.949999809265137,7.000100135803223,614835
2024-12-12 17:45:00+00:00,6.985000133514404,6.985000133514404,7.009900093078613,6.960100173950195,7.008800029754639,378591
2024-12-12 17:50:00+00:00,6.990799903869629,6.990799903869629,7.039999961853027,6.980000019073486,6.985000133514404,424913
2024-12-12 17:55:00+00:00,6.96120023727417,6.96120023727417,7.019999980926514,6.960000038146973,6.989999771118164,351661
2024-12-12 18:00:00+00:00,6.92519998550415,6.92519998550415,6.96999979019165,6.909999847412109,6.965000152587891,446690
2024-12-12 18:05:00+00:00,6.971799850463867,6.971799850463867,6.974999904632568,6.910099983215332,6.929900169372559,292963
2024-12-12 18:10:00+00:00,6.960000038146973,6.960000038146973,7.019999980926514,6.949999809265137,6.971199989318848,523766
2024-12-12 18:15:00+00:00,7.0,7.0,7.010000228881836,6.940000057220459,6.965000152587891,238741
2024-12-12 18:20:00+00:00,7.0345001220703125,7.0345001220703125,7.079999923706055,7.0,7.000699996948242,510357
2024-12-12 18:25:00+00:00,7.03000020980835,7.03000020980835,7.079999923706055,7.03000020980835,7.031700134277344,309525
2024-12-12 18:30:00+00:00,6.948800086975098,6.948800086975098,7.03000020980835,6.940000057220459,7.025000095367432,403923
2024-12-12 18:35:00+00:00,6.967400074005127,6.967400074005127,6.96999979019165,6.940000057220459,6.940800189971924,256262
2024-12-12 18:40:00+00:00,6.858799934387207,6.858799934387207,6.965000152587891,6.829999923706055,6.960000038146973,1187151
2024-12-12 18:45:00+00:00,6.839000225067139,6.839000225067139,6.869999885559082,6.820000171661377,6.855000019073486,360611
2024-12-12 18:50:00+00:00,6.750100135803223,6.750100135803223,6.840000152587891,6.710000038146973,6.830100059509277,1752636
2024-12-12 18:55:00+00:00,6.7480998039245605,6.7480998039245605,6.78000020980835,6.71999979019165,6.759900093078613,616248
2024-12-12 19:00:00+00:00,6.709799766540527,6.709799766540527,6.748799800872803,6.699999809265137,6.741300106048584,925745
2024-12-12 19:05:00+00:00,6.667699813842773,6.667699813842773,6.78000020980835,6.659999847412109,6.710000038146973,929131
2024-12-12 19:10:00+00:00,6.679999828338623,6.679999828338623,6.75,6.659999847412109,6.670000076293945,954977
2024-12-12 19:15:00+00:00,6.565000057220459,6.565000057220459,6.679999828338623,6.565000057220459,6.678800106048584,1772535
2024-12-12 19:20:00+00:00,6.602499961853027,6.602499961853027,6.619999885559082,6.53000020980835,6.559999942779541,1287032
2024-12-12 19:25:00+00:00,6.699999809265137,6.699999809265137,6.699999809265137,6.599999904632568,6.609799861907959,857340
2024-12-12 19:30:00+00:00,6.598800182342529,6.598800182342529,6.730000019073486,6.579999923706055,6.695000171661377,858635
2024-12-12 19:35:00+00:00,6.559999942779541,6.559999942779541,6.599999904632568,6.53000020980835,6.590000152587891,929733
2024-12-12 19:40:00+00:00,6.501200199127197,6.501200199127197,6.559999942779541,6.5,6.554999828338623,1165186
2024-12-12 19:45:00+00:00,6.56879997253418,6.56879997253418,6.579999923706055,6.5,6.508800029754639,1027453
2024-12-12 19:50:00+00:00,6.559500217437744,6.559500217437744,6.599999904632568,6.539999961853027,6.560200214385986,645089
2024-12-12 19:55:00+00:00,6.352099895477295,6.352099895477295,6.559999942779541,6.350100040435791,6.54580020904541,2549262
2024-12-12 20:00:00+00:00,6.40500020980835,6.40500020980835,6.480000019073486,6.320000171661377,6.355000019073486,1644327
2024-12-12 20:05:00+00:00,6.369999885559082,6.369999885559082,6.489999771118164,6.355000019073486,6.40880012512207,894680
2024-12-12 20:10:00+00:00,6.4222002029418945,6.4222002029418945,6.449999809265137,6.360000133514404,6.368800163269043,699140
2024-12-12 20:15:00+00:00,6.275000095367432,6.275000095367432,6.429999828338623,6.269999980926514,6.420000076293945,1451164
2024-12-12 20:20:00+00:00,6.17710018157959,6.17710018157959,6.309999942779541,6.159999847412109,6.275000095367432,2529166
2024-12-12 20:25:00+00:00,6.069799900054932,6.069799900054932,6.199999809265137,5.980000019073486,6.170000076293945,5379165
2024-12-12 20:30:00+00:00,6.25,6.25,6.260000228881836,6.060999870300293,6.065000057220459,2678968
2024-12-12 20:35:00+00:00,6.059999942779541,6.059999942779541,6.25,6.050000190734863,6.244999885559082,1816140
2024-12-12 20:40:00+00:00,5.880099773406982,5.880099773406982,6.079999923706055,5.880000114440918,6.061200141906738,3273589
2024-12-12 20:45:00+00:00,6.014999866485596,6.014999866485596,6.050000190734863,5.849999904632568,5.880099773406982,2444557
2024-12-12 20:50:00+00:00,6.005300045013428,6.005300045013428,6.03000020980835,5.960000038146973,6.019999980926514,1646628
2024-12-12 20:55:00+00:00,5.959099769592285,5.959099769592285,6.019999980926514,5.861199855804443,6.010000228881836,3347586
2024-12-13 14:30:00+00:00,6.249000072479248,6.249000072479248,6.440000057220459,6.110000133514404,6.324999809265137,12915312
2024-12-13 14:35:00+00:00,6.28000020980835,6.28000020980835,6.28000020980835,6.050000190734863,6.245699882507324,3232567
2024-12-13 14:40:00+00:00,6.369999885559082,6.369999885559082,6.449999809265137,6.2418999671936035,6.275000095367432,3266675
2024-12-13 14:45:00+00:00,6.320000171661377,6.320000171661377,6.449999809265137,6.320000171661377,6.368800163269043,1975758
2024-12-13 14:50:00+00:00,6.321199893951416,6.321199893951416,6.339900016784668,6.230100154876709,6.322199821472168,1780991
2024-12-13 14:55:00+00:00,6.458899974822998,6.458899974822998,6.550000190734863,6.320000171661377,6.324999809265137,2220824
2024-12-13 15:00:00+00:00,6.475200176239014,6.475200176239014,6.539999961853027,6.420100212097168,6.460000038146973,1994227
2024-12-13 15:05:00+00:00,6.251200199127197,6.251200199127197,6.550000190734863,6.240099906921387,6.480000019073486,2282070
2024-12-13 15:10:00+00:00,6.375,6.375,6.389999866485596,6.252900123596191,6.256400108337402,1299797
2024-12-13 15:15:00+00:00,6.475200176239014,6.475200176239014,6.480000019073486,6.350100040435791,6.375,900770
2024-12-13 15:20:00+00:00,6.599999904632568,6.599999904632568,6.650000095367432,6.46999979019165,6.479899883270264,3324133
2024-12-13 15:25:00+00:00,6.661200046539307,6.661200046539307,6.679999828338623,6.550099849700928,6.598800182342529,1811812
2024-12-13 15:30:00+00:00,6.751800060272217,6.751800060272217,6.840000152587891,6.660099983215332,6.669000148773193,3022495
2024-12-13 15:35:00+00:00,6.875,6.875,6.900000095367432,6.71999979019165,6.75,3107175
2024-12-13 15:40:00+00:00,6.795000076293945,6.795000076293945,6.880000114440918,6.71999979019165,6.875,2253892
2024-12-13 15:45:00+00:00,6.829999923706055,6.829999923706055,6.849999904632568,6.670000076293945,6.800000190734863,2258641
2024-12-13 15:50:00+00:00,6.691500186920166,6.691500186920166,6.849999904632568,6.679999828338623,6.829999923706055,1221690
2024-12-13 15:55:00+00:00,6.460000038146973,6.460000038146973,6.710000038146973,6.429999828338623,6.691100120544434,3000063
2024-12-13 16:00:00+00:00,6.5,6.5,6.550000190734863,6.421199798583984,6.451000213623047,1769088
2024-12-13 16:05:00+00:00,6.587800025939941,6.587800025939941,6.590000152587891,6.460000038146973,6.5,1043563
2024-12-13 16:10:00+00:00,6.639900207519531,6.639900207519531,6.690000057220459,6.585000038146973,6.588799953460693,1284431
2024-12-13 16:15:00+00:00,6.821499824523926,6.821499824523926,6.829999923706055,6.631199836730957,6.631199836730957,1695445
2024-12-13 16:20:00+00:00,6.800000190734863,6.800000190734863,6.829999923706055,6.75,6.829500198364258,1498597
2024-12-13 16:25:00+00:00,6.861199855804443,6.861199855804443,6.96999979019165,6.739999771118164,6.798799991607666,2511248
2024-12-13 16:30:00+00:00,7.011199951171875,7.011199951171875,7.090000152587891,6.855000019073486,6.860099792480469,3378465
2024-12-13 16:35:00+00:00,7.0,7.0,7.050000190734863,6.980000019073486,7.005199909210205,1439692
2024-12-13 16:40:00+00:00,6.948299884796143,6.948299884796143,7.050000190734863,6.914999961853027,7.001200199127197,2103379
2024-12-13 16:45:00+00:00,7.104599952697754,7.104599952697754,7.150000095367432,6.940000057220459,6.945000171661377,2289201
2024-12-13 16:50:00+00:00,7.0,7.0,7.130000114440918,6.940000057220459,7.105000019073486,1654468
2024-12-13 16:55:00+00:00,6.954999923706055,6.954999923706055,7.039999961853027,6.909999847412109,6.994999885559082,1174787
2024-12-13 17:00:00+00:00,6.959700107574463,6.959700107574463,6.980000019073486,6.909999847412109,6.949999809265137,979107
2024-12-13 17:05:00+00:00,7.099999904632568,7.099999904632568,7.130000114440918,6.950300216674805,6.9593000411987305,1838262
2024-12-13 17:10:00+00:00,7.013800144195557,7.013800144195557,7.150000095367432,7.0,7.097499847412109,1581291
2024-12-13 17:15:00+00:00,7.029300212860107,7.029300212860107,7.070000171661377,7.0,7.010000228881836,983341
2024-12-13 17:20:00+00:00,7.0,7.0,7.050000190734863,7.0,7.021200180053711,747520
2024-12-13 17:25:00+00:00,6.954999923706055,6.954999923706055,7.010000228881836,6.820000171661377,7.005000114440918,1674382
2024-12-13 17:30:00+00:00,6.742599964141846,6.742599964141846,6.960000038146973,6.730000019073486,6.951000213623047,1698737
2024-12-13 17:35:00+00:00,6.769999980926514,6.769999980926514,6.831999778747559,6.710000038146973,6.743100166320801,1421192
2024-12-13 17:40:00+00:00,6.688799858093262,6.688799858093262,6.789999961853027,6.659999847412109,6.764999866485596,926124
2024-12-13 17:45:00+00:00,6.627500057220459,6.627500057220459,6.719900131225586,6.559999942779541,6.679999828338623,1782479
2024-12-13 17:50:00+00:00,6.699100017547607,6.699100017547607,6.710000038146973,6.510000228881836,6.625,1673792
2024-12-13 17:55:00+00:00,6.7769999504089355,6.7769999504089355,6.800000190734863,6.679999828338623,6.695000171661377,1226755
2024-12-13 18:00:00+00:00,6.767600059509277,6.767600059509277,6.789999961853027,6.730000019073486,6.78000020980835,749387
2024-12-13 18:05:00+00:00,6.827099800109863,6.827099800109863,6.849999904632568,6.739999771118164,6.768899917602539,985042
2024-12-13 18:10:00+00:00,6.840000152587891,6.840000152587891,6.849999904632568,6.742000102996826,6.821300029754639,883839
2024-12-13 18:15:00+00:00,6.869800090789795,6.869800090789795,6.940000057220459,6.829999923706055,6.835000038146973,1421277
2024-12-13 18:20:00+00:00,6.925000190734863,6.925000190734863,6.949999809265137,6.849999904632568,6.869999885559082,773434
2024-12-13 18:25:00+00:00,6.93120002746582,6.93120002746582,6.980000019073486,6.909999847412109,6.925000190734863,997876
2024-12-13 18:30:00+00:00,6.960000038146973,6.960000038146973,6.989999771118164,6.929999828338623,6.930600166320801,898153
2024-12-13 18:35:00+00:00,6.911200046539307,6.911200046539307,6.96999979019165,6.909999847412109,6.950699806213379,632921
2024-12-13 18:40:00+00:00,6.851099967956543,6.851099967956543,6.960000038146973,6.849999904632568,6.909999847412109,833004
2024-12-13 18:45:00+00:00,6.899899959564209,6.899899959564209,6.909999847412109,6.820000171661377,6.85129976272583,1108272
2024-12-13 18:50:00+00:00,6.938799858093262,6.938799858093262,6.949999809265137,6.889999866485596,6.8927001953125,601349
2024-12-13 18:55:00+00:00,6.938899993896484,6.938899993896484,6.949999809265137,6.920000076293945,6.930099964141846,534002
2024-12-13 19:00:00+00:00,6.909800052642822,6.909800052642822,6.940000057220459,6.869999885559082,6.93149995803833,534415
2024-12-13 19:05:00+00:00,6.925000190734863,6.925000190734863,6.940000057220459,6.900000095367432,6.902500152587891,439828
2024-12-13 19:10:00+00:00,6.940000057220459,6.940000057220459,7.010000228881836,6.909999847412109,6.922100067138672,1448582
2024-12-13 19:15:00+00:00,6.971199989318848,6.971199989318848,6.980000019073486,6.920000076293945,6.934999942779541,461044
2024-12-13 19:20:00+00:00,6.945000171661377,6.945000171661377,7.03000020980835,6.929999828338623,6.9704999923706055,941011
2024-12-13 19:25:00+00:00,6.96999979019165,6.96999979019165,7.0,6.945000171661377,6.945000171661377,486766
2024-12-13 19:30:00+00:00,6.951300144195557,6.951300144195557,6.980000019073486,6.949999809265137,6.96120023727417,372015
2024-12-13 19:35:00+00:00,6.960000038146973,6.960000038146973,7.010000228881836,6.929999828338623,6.960000038146973,762303
2024-12-13 19:40:00+00:00,6.871200084686279,6.871200084686279,6.960000038146973,6.860000133514404,6.949999809265137,743452
2024-12-13 19:45:00+00:00,6.91349983215332,6.91349983215332,6.929900169372559,6.800000190734863,6.869999885559082,824772
2024-12-13 19:50:00+00:00,6.966899871826172,6.966899871826172,6.980000019073486,6.900000095367432,6.919000148773193,599168
2024-12-13 19:55:00+00:00,6.959000110626221,6.959000110626221,6.980000019073486,6.909999847412109,6.96999979019165,641141
2024-12-13 20:00:00+00:00,6.945000171661377,6.945000171661377,6.96999979019165,6.920000076293945,6.960000038146973,524048
2024-12-13 20:05:00+00:00,6.998000144958496,6.998000144958496,7.0,6.929999828338623,6.949999809265137,830890
2024-12-13 20:10:00+00:00,6.974999904632568,6.974999904632568,7.0,6.96999979019165,6.998199939727783,557560
2024-12-13 20:15:00+00:00,7.019899845123291,7.019899845123291,7.099999904632568,6.96999979019165,6.978799819946289,1679427
2024-12-13 20:20:00+00:00,6.900000095367432,6.900000095367432,7.017899990081787,6.900000095367432,7.017899990081787,781896
2024-12-13 20:25:00+00:00,6.991000175476074,6.991000175476074,7.005000114440918,6.900000095367432,6.901199817657471,705547
2024-12-13 20:30:00+00:00,6.941199779510498,6.941199779510498,7.005000114440918,6.929999828338623,6.989999771118164,760439
2024-12-13 20:35:00+00:00,6.958799839019775,6.958799839019775,6.989999771118164,6.930099964141846,6.940999984741211,758337
2024-12-13 20:40:00+00:00,6.960000038146973,6.960000038146973,6.980000019073486,6.929999828338623,6.954999923706055,511761
2024-12-13 20:45:00+00:00,7.059999942779541,7.059999942779541,7.070000171661377,6.960000038146973,6.962800025939941,1144673
2024-12-13 20:50:00+00:00,7.135000228881836,7.135000228881836,7.150000095367432,7.0671000480651855,7.070000171661377,1920041
2024-12-13 20:55:00+00:00,7.15500020980835,7.15500020980835,7.199999809265137,7.079999923706055,7.135000228881836,2546156
2024-12-16 14:30:00+00:00,6.898900032043457,6.898900032043457,7.400000095367432,6.710000038146973,7.159999847412109,19705944
2024-12-16 14:35:00+00:00,6.929999828338623,6.929999828338623,6.949999809265137,6.710000038146973,6.890999794006348,4325712
2024-12-16 14:40:00+00:00,7.03000020980835,7.03000020980835,7.059999942779541,6.773200035095215,6.929999828338623,2961786
2024-12-16 14:45:00+00:00,6.858799934387207,6.858799934387207,7.059999942779541,6.769999980926514,7.025000095367432,2785627
2024-12-16 14:50:00+00:00,7.108799934387207,7.108799934387207,7.130000114440918,6.809999942779541,6.860000133514404,2926136
2024-12-16 14:55:00+00:00,7.2600998878479,7.2600998878479,7.329999923706055,7.070000171661377,7.100500106811523,3759990
2024-12-16 15:00:00+00:00,7.300000190734863,7.300000190734863,7.369999885559082,7.210000038146973,7.261199951171875,3067153
2024-12-16 15:05:00+00:00,7.199999809265137,7.199999809265137,7.349999904632568,7.190000057220459,7.305699825286865,2076229
2024-12-16 15:10:00+00:00,7.099999904632568,7.099999904632568,7.25,7.045000076293945,7.200099945068359,2149556
2024-12-16 15:15:00+00:00,7.340000152587891,7.340000152587891,7.349999904632568,7.059999942779541,7.097599983215332,2445648
2024-12-16 15:20:00+00:00,7.489999771118164,7.489999771118164,7.599999904632568,7.300000190734863,7.339799880981445,6269964
2024-12-16 15:25:00+00:00,7.494999885559082,7.494999885559082,7.579999923706055,7.429999828338623,7.494999885559082,2343659
2024-12-16 15:30:00+00:00,7.560100078582764,7.560100078582764,7.599999904632568,7.465000152587891,7.494800090789795,2510550
2024-12-16 15:35:00+00:00,7.621099948883057,7.621099948883057,7.690000057220459,7.519999980926514,7.560200214385986,3607598
2024-12-16 15:40:00+00:00,7.481500148773193,7.481500148773193,7.650000095367432,7.46999979019165,7.618800163269043,2120435
2024-12-16 15:45:00+00:00,7.440000057220459,7.440000057220459,7.550000190734863,7.420000076293945,7.48799991607666,1780744
2024-12-16 15:50:00+00:00,7.574999809265137,7.574999809265137,7.579999923706055,7.409999847412109,7.440000057220459,1391457
2024-12-16 15:55:00+00:00,7.65880012512207,7.65880012512207,7.75,7.570000171661377,7.571199893951416,2653651
2024-12-16 16:00:00+00:00,7.622099876403809,7.622099876403809,7.659999847412109,7.449999809265137,7.65880012512207,2429862
2024-12-16 16:05:00+00:00,8.038800239562988,8.038800239562988,8.100000381469727,7.620100021362305,7.6255998611450195,7318695
2024-12-16 16:10:00+00:00,8.473299980163574,8.473299980163574,8.479999542236328,8.029999732971191,8.032400131225586,7605807
2024-12-16 16:15:00+00:00,8.420000076293945,8.420000076293945,8.478799819946289,8.234999656677246,8.470100402832031,4385399
2024-12-16 16:20:00+00:00,8.496600151062012,8.496600151062012,8.550000190734863,8.350000381469727,8.369999885559082,5065257
2024-12-16 16:25:00+00:00,8.40999984741211,8.40999984741211,8.550000190734863,8.369999885559082,8.494999885559082,2754982
2024-12-16 16:30:00+00:00,8.550999641418457,8.550999641418457,8.654999732971191,8.399999618530273,8.411199569702148,4626713
2024-12-16 16:35:00+00:00,8.40880012512207,8.40880012512207,8.649999618530273,8.399999618530273,8.559100151062012,2589639
2024-12-16 16:40:00+00:00,8.50879955291748,8.50879955291748,8.640000343322754,8.359999656677246,8.404999732971191,3081748
2024-12-16 16:45:00+00:00,8.585000038146973,8.585000038146973,8.600000381469727,8.430000305175781,8.50879955291748,1645354
2024-12-16 16:50:00+00:00,8.75,8.75,8.75,8.5600004196167,8.59000015258789,2910873
2024-12-16 16:55:00+00:00,8.811800003051758,8.811800003051758,8.819999694824219,8.610199928283691,8.744999885559082,2566019
2024-12-16 17:00:00+00:00,8.688300132751465,8.688300132751465,8.850000381469727,8.550000190734863,8.8149995803833,2968293
2024-12-16 17:05:00+00:00,8.671099662780762,8.671099662780762,8.75,8.619999885559082,8.680100440979004,1343968
2024-12-16 17:10:00+00:00,8.899900436401367,8.899900436401367,8.899999618530273,8.630000114440918,8.680000305175781,2228684
2024-12-16 17:15:00+00:00,9.069999694824219,9.069999694824219,9.069999694824219,8.890000343322754,8.895000457763672,3241217
2024-12-16 17:20:00+00:00,8.828800201416016,8.828800201416016,9.140000343322754,8.819999694824219,9.069999694824219,3612147
2024-12-16 17:25:00+00:00,8.761199951171875,8.761199951171875,8.859999656677246,8.642399787902832,8.822999954223633,2891420
2024-12-16 17:30:00+00:00,8.869999885559082,8.869999885559082,8.880000114440918,8.710000038146973,8.76930046081543,1630730
2024-12-16 17:35:00+00:00,8.721199989318848,8.721199989318848,8.899999618530273,8.720000267028809,8.870100021362305,1598390
2024-12-16 17:40:00+00:00,8.69890022277832,8.69890022277832,8.869999885559082,8.649999618530273,8.725000381469727,2057486
2024-12-16 17:45:00+00:00,8.927800178527832,8.927800178527832,8.9399995803833,8.6899995803833,8.6899995803833,1655715
2024-12-16 17:50:00+00:00,8.8149995803833,8.8149995803833,8.927800178527832,8.739999771118164,8.927800178527832,1224028
2024-12-16 17:55:00+00:00,8.774999618530273,8.774999618530273,8.81879997253418,8.720399856567383,8.805000305175781,918301
2024-12-16 18:00:00+00:00,8.879899978637695,8.879899978637695,8.89799976348877,8.699999809265137,8.774999618530273,1531139
2024-12-16 18:05:00+00:00,8.768799781799316,8.768799781799316,8.875,8.734999656677246,8.875,951985
2024-12-16 18:10:00+00:00,8.800000190734863,8.800000190734863,8.949999809265137,8.739999771118164,8.760299682617188,1553964
2024-12-16 18:15:00+00:00,8.800000190734863,8.800000190734863,8.880000114440918,8.703200340270996,8.798800468444824,1382775
2024-12-16 18:20:00+00:00,8.850000381469727,8.850000381469727,8.90999984741211,8.778800010681152,8.805000305175781,1206384
2024-12-16 18:25:00+00:00,9.055000305175781,9.055000305175781,9.149999618530273,8.819999694824219,8.859800338745117,2802865
2024-12-16 18:30:00+00:00,8.760000228881836,8.760000228881836,9.069999694824219,8.760000228881836,9.057000160217285,2280425
2024-12-16 18:35:00+00:00,8.949899673461914,8.949899673461914,8.989999771118164,8.720000267028809,8.762399673461914,1639200
2024-12-16 18:40:00+00:00,8.975000381469727,8.975000381469727,9.039999961853027,8.899999618530273,8.940299987792969,1392446
2024-12-16 18:45:00+00:00,8.774999618530273,8.774999618530273,8.989800453186035,8.680000305175781,8.979999542236328,2126381
2024-12-16 18:50:00+00:00,8.82040023803711,8.82040023803711,8.84000015258789,8.6899995803833,8.774999618530273,1266787
2024-12-16 18:55:00+00:00,8.660099983215332,8.660099983215332,8.869999885559082,8.65999984741211,8.824999809265137,1239919
2024-12-16 19:00:00+00:00,8.725000381469727,8.725000381469727,8.819999694824219,8.630000114440918,8.670000076293945,1328449
2024-12-16 19:05:00+00:00,8.895000457763672,8.895000457763672,8.899999618530273,8.6899995803833,8.720000267028809,1099919
2024-12-16 19:10:00+00:00,9.045000076293945,9.045000076293945,9.050000190734863,8.859999656677246,8.895000457763672,1347420
2024-12-16 19:15:00+00:00,9.008299827575684,9.008299827575684,9.079999923706055,8.979999542236328,9.039999961853027,1452606
2024-12-16 19:20:00+00:00,8.979999542236328,8.979999542236328,9.01990032196045,8.829999923706055,9.005000114440918,1356932
2024-12-16 19:25:00+00:00,8.994999885559082,8.994999885559082,9.050000190734863,8.930000305175781,8.978799819946289,1141976
2024-12-16 19:30:00+00:00,9.119999885559082,9.119999885559082,9.154999732971191,8.930000305175781,8.998800277709961,2040218
2024-12-16 19:35:00+00:00,9.149999618530273,9.149999618530273,9.149999618530273,9.010000228881836,9.11989974975586,942592
2024-12-16 19:40:00+00:00,9.489399909973145,9.489399909973145,9.539999961853027,9.149999618530273,9.149999618530273,3986339
2024-12-16 19:45:00+00:00,9.511199951171875,9.511199951171875,9.579999923706055,9.369999885559082,9.486900329589844,2287413
2024-12-16 19:50:00+00:00,9.760000228881836,9.760000228881836,9.770000457763672,9.4483003616333,9.51990032196045,2564536
2024-12-16 19:55:00+00:00,9.6850004196167,9.6850004196167,9.849800109863281,9.649999618530273,9.770000457763672,2504225
2024-12-16 20:00:00+00:00,9.46500015258789,9.46500015258789,9.75,9.430000305175781,9.698800086975098,2818509
2024-12-16 20:05:00+00:00,9.260000228881836,9.260000228881836,9.59000015258789,9.15999984741211,9.46500015258789,3555790
2024-12-16 20:10:00+00:00,8.970000267028809,8.970000267028809,9.350000381469727,8.9399995803833,9.270000457763672,2974486
2024-12-16 20:15:00+00:00,8.861700057983398,8.861700057983398,8.989999771118164,8.720000267028809,8.971199989318848,3642153
2024-12-16 20:20:00+00:00,8.789999961853027,8.789999961853027,9.069999694824219,8.760000228881836,8.869999885559082,2947025
2024-12-16 20:25:00+00:00,8.510000228881836,8.510000228881836,8.800000190734863,8.490099906921387,8.795000076293945,3648708
2024-12-16 20:30:00+00:00,8.239899635314941,8.239899635314941,8.518799781799316,7.949999809265137,8.515000343322754,6569488
2024-12-16 20:35:00+00:00,8.260000228881836,8.260000228881836,8.531000137329102,8.180000305175781,8.238499641418457,3950345
2024-12-16 20:40:00+00:00,8.164999961853027,8.164999961853027,8.289999961853027,8.0600004196167,8.260000228881836,2704206
2024-12-16 20:45:00+00:00,8.229999542236328,8.229999542236328,8.281999588012695,8.111300468444824,8.169899940490723,1852580
2024-12-16 20:50:00+00:00,8.4399995803833,8.4399995803833,8.5,8.239999771118164,8.25,2898682
2024-12-16 20:55:00+00:00,8.40999984741211,8.40999984741211,8.595000267028809,8.40999984741211,8.4350004196167,3112583
2024-12-17 14:30:00+00:00,8.779999732971191,8.779999732971191,9.40999984741211,8.680000305175781,9.25,34028323
2024-12-17 14:35:00+00:00,9.36989974975586,9.36989974975586,9.369999885559082,8.779999732971191,8.791199684143066,6097420
2024-12-17 14:40:00+00:00,9.602399826049805,9.602399826049805,9.84000015258789,9.25,9.350000381469727,10215972
2024-12-17 14:45:00+00:00,9.675999641418457,9.675999641418457,9.800000190734863,9.529999732971191,9.619999885559082,5496855
2024-12-17 14:50:00+00:00,9.33080005645752,9.33080005645752,9.677599906921387,9.199999809265137,9.677300453186035,5810666
2024-12-17 14:55:00+00:00,9.101300239562988,9.101300239562988,9.569999694824219,9.029999732971191,9.338800430297852,4210632
2024-12-17 15:00:00+00:00,9.1899995803833,9.1899995803833,9.399999618530273,9.100000381469727,9.109999656677246,3190698
2024-12-17 15:05:00+00:00,9.460000038146973,9.460000038146973,9.520000457763672,9.180299758911133,9.181400299072266,3315739
2024-12-17 15:10:00+00:00,9.032400131225586,9.032400131225586,9.529999732971191,9.010000228881836,9.452400207519531,3698651
2024-12-17 15:15:00+00:00,8.835000038146973,8.835000038146973,9.079999923706055,8.729999542236328,9.038800239562988,5205621
2024-12-17 15:20:00+00:00,8.899700164794922,8.899700164794922,8.949999809265137,8.630000114440918,8.831199645996094,4100281
2024-12-17 15:25:00+00:00,9.062700271606445,9.062700271606445,9.130000114440918,8.819999694824219,8.890000343322754,2354514
2024-12-17 15:30:00+00:00,9.09000015258789,9.09000015258789,9.199999809265137,8.949999809265137,9.069999694824219,2557616
2024-12-17 15:35:00+00:00,9.092599868774414,9.092599868774414,9.119999885559082,8.880000114440918,9.088800430297852,2411997
2024-12-17 15:40:00+00:00,9.020600318908691,9.020600318908691,9.199999809265137,8.90999984741211,9.09119987487793,2492965
2024-12-17 15:45:00+00:00,9.11709976196289,9.11709976196289,9.119999885559082,8.920000076293945,9.020000457763672,1279695
2024-12-17 15:50:00+00:00,9.340100288391113,9.340100288391113,9.390000343322754,9.118800163269043,9.118800163269043,3231741
2024-12-17 15:55:00+00:00,9.430500030517578,9.430500030517578,9.510000228881836,9.220000267028809,9.34000015258789,3135448
2024-12-17 16:00:00+00:00,9.251999855041504,9.251999855041504,9.489999771118164,9.130000114440918,9.4350004196167,2519211
2024-12-17 16:05:00+00:00,9.164999961853027,9.164999961853027,9.270000457763672,9.100000381469727,9.25879955291748,1678259
2024-12-17 16:10:00+00:00,9.128100395202637,9.128100395202637,9.25,9.0600004196167,9.161199569702148,1375512
2024-12-17 16:15:00+00:00,8.949999809265137,8.949999809265137,9.140000343322754,8.880000114440918,9.128800392150879,1989557
2024-12-17 16:20:00+00:00,8.939399719238281,8.939399719238281,9.009900093078613,8.859999656677246,8.949999809265137,1884313
2024-12-17 16:25:00+00:00,8.84000015258789,8.84000015258789,8.979999542236328,8.8100004196167,8.93649959564209,1248886
2024-12-17 16:30:00+00:00,8.8100004196167,8.8100004196167,8.850000381469727,8.710000038146973,8.845000267028809,2170506
2024-12-17 16:35:00+00:00,9.007100105285645,9.007100105285645,9.038000106811523,8.8100004196167,8.819899559020996,1522663
2024-12-17 16:40:00+00:00,9.0600004196167,9.0600004196167,9.079999923706055,8.989999771118164,9.010000228881836,843131
2024-12-17 16:45:00+00:00,8.83080005645752,8.83080005645752,9.069999694824219,8.829999923706055,9.060799598693848,1109521
2024-12-17 16:50:00+00:00,8.575200080871582,8.575200080871582,8.890000343322754,8.40999984741211,8.84000015258789,3963924
2024-12-17 16:55:00+00:00,8.770000457763672,8.770000457763672,8.795000076293945,8.56350040435791,8.578800201416016,1520135
2024-12-17 17:00:00+00:00,8.640000343322754,8.640000343322754,8.829899787902832,8.630000114440918,8.779999732971191,1177947
2024-12-17 17:05:00+00:00,8.765000343322754,8.765000343322754,8.850000381469727,8.630000114440918,8.645000457763672,1001681
2024-12-17 17:10:00+00:00,8.905400276184082,8.905400276184082,8.90999984741211,8.725000381469727,8.765000343322754,709550
2024-12-17 17:15:00+00:00,8.979999542236328,8.979999542236328,9.067899703979492,8.880000114440918,8.908599853515625,1294552
2024-12-17 17:20:00+00:00,8.984999656677246,8.984999656677246,9.039999961853027,8.920000076293945,8.981800079345703,911476
2024-12-17 17:25:00+00:00,8.988699913024902,8.988699913024902,9.0,8.869999885559082,8.98009967803955,890385
2024-12-17 17:30:00+00:00,8.970000267028809,8.970000267028809,8.989999771118164,8.859999656677246,8.979999542236328,712388
2024-12-17 17:35:00+00:00,8.984999656677246,8.984999656677246,9.0,8.931500434875488,8.979999542236328,780595
2024-12-17 17:40:00+00:00,8.880000114440918,8.880000114440918,8.984999656677246,8.850000381469727,8.982000350952148,744839
2024-12-17 17:45:00+00:00,8.963500022888184,8.963500022888184,8.989999771118164,8.819999694824219,8.889699935913086,595149
2024-12-17 17:50:00+00:00,9.033599853515625,9.033599853515625,9.050000190734863,8.940099716186523,8.96500015258789,978886
2024-12-17 17:55:00+00:00,9.270000457763672,9.270000457763672,9.270000457763672,9.032600402832031,9.032600402832031,1596832
2024-12-17 18:00:00+00:00,9.110099792480469,9.110099792480469,9.270000457763672,9.109000205993652,9.26990032196045,901355
2024-12-17 18:05:00+00:00,9.108799934387207,9.108799934387207,9.199999809265137,9.100000381469727,9.109999656677246,520080
2024-12-17 18:10:00+00:00,9.210000038146973,9.210000038146973,9.25,9.085000038146973,9.104999542236328,741621
2024-12-17 18:15:00+00:00,9.0600004196167,9.0600004196167,9.239899635314941,9.029999732971191,9.210000038146973,805155
2024-12-17 18:20:00+00:00,9.050000190734863,9.050000190734863,9.116999626159668,8.920000076293945,9.0649995803833,867113
2024-12-17 18:25:00+00:00,9.088800430297852,9.088800430297852,9.130000114440918,9.029999732971191,9.057000160217285,361609
2024-12-17 18:30:00+00:00,9.340100288391113,9.340100288391113,9.399999618530273,9.074999809265137,9.100000381469727,1842930
2024-12-17 18:35:00+00:00,9.409000396728516,9.409000396728516,9.489999771118164,9.319999694824219,9.34000015258789,1842235
2024-12-17 18:40:00+00:00,9.411199569702148,9.411199569702148,9.449999809265137,9.359999656677246,9.404999732971191,934896
2024-12-17 18:45:00+00:00,9.379899978637695,9.379899978637695,9.420000076293945,9.279999732971191,9.414799690246582,934320
2024-12-17 18:50:00+00:00,9.398699760437012,9.398699760437012,9.430000305175781,9.3100004196167,9.380000114440918,869415
2024-12-17 18:55:00+00:00,9.375,9.375,9.40999984741211,9.34000015258789,9.395000457763672,641698
2024-12-17 19:00:00+00:00,9.625,9.625,9.635000228881836,9.311200141906738,9.378499984741211,1955931
2024-12-17 19:05:00+00:00,9.625,9.625,9.699999809265137,9.569999694824219,9.619999885559082,1903523
2024-12-17 19:10:00+00:00,9.813799858093262,9.813799858093262,9.890000343322754,9.619999885559082,9.625,3717239
2024-12-17 19:15:00+00:00,10.171199798583984,10.171199798583984,10.199999809265137,9.795000076293945,9.8149995803833,5205407
2024-12-17 19:20:00+00:00,10.052000045776367,10.052000045776367,10.300000190734863,9.869999885559082,10.176400184631348,3747986
2024-12-17 19:25:00+00:00,10.420000076293945,10.420000076293945,10.489999771118164,9.9399995803833,10.050000190734863,3122575
2024-12-17 19:30:00+00:00,10.210000038146973,10.210000038146973,10.479999542236328,10.029999732971191,10.40999984741211,3355511
2024-12-17 19:35:00+00:00,10.335000038146973,10.335000038146973,10.350000381469727,10.130000114440918,10.216500282287598,1831846
2024-12-17 19:40:00+00:00,10.305000305175781,10.305000305175781,10.430000305175781,10.25,10.335000038146973,1612096
2024-12-17 19:45:00+00:00,10.120499610900879,10.120499610900879,10.319999694824219,10.079999923706055,10.305500030517578,1804445
2024-12-17 19:50:00+00:00,10.380000114440918,10.380000114440918,10.4399995803833,10.119999885559082,10.123499870300293,1702162
2024-12-17 19:55:00+00:00,10.413299560546875,10.413299560546875,10.4399995803833,10.305000305175781,10.385000228881836,1155395
2024-12-17 20:00:00+00:00,10.489999771118164,10.489999771118164,10.680000305175781,10.364999771118164,10.40999984741211,3315917
2024-12-17 20:05:00+00:00,10.157500267028809,10.157500267028809,10.5,9.899999618530273,10.479999542236328,3603669
2024-12-17 20:10:00+00:00,10.279999732971191,10.279999732971191,10.279999732971191,10.050000190734863,10.150099754333496,1868710
2024-12-17 20:15:00+00:00,10.353500366210938,10.353500366210938,10.369999885559082,10.170000076293945,10.260000228881836,1571097
2024-12-17 20:20:00+00:00,10.239999771118164,10.239999771118164,10.359999656677246,10.21500015258789,10.359999656677246,1339883
2024-12-17 20:25:00+00:00,10.375,10.375,10.569999694824219,10.229999542236328,10.230899810791016,2212642
2024-12-17 20:30:00+00:00,10.539999961853027,10.539999961853027,10.550000190734863,10.359999656677246,10.3774995803833,1601495
2024-12-17 20:35:00+00:00,10.699700355529785,10.699700355529785,10.710000038146973,10.449999809265137,10.522000312805176,2182383
2024-12-17 20:40:00+00:00,10.579999923706055,10.579999923706055,10.699999809265137,10.479999542236328,10.680000305175781,2095749
2024-12-17 20:45:00+00:00,10.655200004577637,10.655200004577637,10.6899995803833,10.479999542236328,10.570099830627441,2186200
2024-12-17 20:50:00+00:00,10.960000038146973,10.960000038146973,10.970000267028809,10.656000137329102,10.670000076293945,4905583
2024-12-17 20:55:00+00:00,11.149999618530273,11.149999618530273,11.199999809265137,10.949999809265137,10.960000038146973,6193333
